<!DOCTYPE suite SYSTEM "http://beust.com/testng/testng-1.0.dtd" >

<suite name="appserver" >

  <test name="main tests">
    <classes>
      <class name="com.mongodb.util.SimplePoolTest"/>
      <class name="com.mongodb.util.JSONTest"/>

      <class name="com.mongodb.io.ByteBufferStreamTest"/>

      <class name="org.bson.PoolOutputBufferTest"/>
      <class name="org.bson.BSONTest" />

      <class name="org.bson.util.ClassMapTest"/>
      <class name="org.bson.util.StringRangeSetTest"/>

      <class name="com.mongodb.ByteTest" />
      <class name="com.mongodb.BasicDBObjectTest" />
      <class name="com.mongodb.JavaClientTest" />
      <class name="com.mongodb.ReflectionTest" />
      <class name="com.mongodb.DBAddressTest" />
      <class name="com.mongodb.DBTest" />
      <class name="com.mongodb.DBTests" />
      <class name="com.mongodb.DBObjectTest" />
      <class name="com.mongodb.DBCollectionTest" />
      <class name="com.mongodb.DBCursorTest" />
      <class name="com.mongodb.ObjectIdTest" />
      <class name="com.mongodb.DBRefTest" />
      <class name="com.mongodb.QueryBuilderTest" />
      <class name="com.mongodb.ErrorTest" />
      <class name="com.mongodb.ThreadingTest" />

      <class name="com.mongodb.gridfs.GridFSTest" />
      <class name="com.mongodb.MongoURITest" />

    </classes>
  </test>

</suite>

